{
  "rmse": 0.09487807462117931,
  "r2": 0.8479092489110768,
  "best_iteration": 92
}